<?xml version="1.0" encoding="UTF-8"?>
<metadata xml:lang="en"><Esri><CreaDate>20150915</CreaDate><CreaTime>09281000</CreaTime><ArcGISFormat>1.0</ArcGISFormat><ArcGISstyle>ISO 19139 Metadata Implementation Specification</ArcGISstyle><SyncOnce>FALSE</SyncOnce><DataProperties><lineage><Process ToolSource="c:\program files (x86)\arcgis\desktop10.1\ArcToolbox\Toolboxes\Conversion Tools.tbx\RasterToPolygon" Date="20150723" Time="090146">RasterToPolygon E60S20.tif C:\Users\SERVIR\Documents\ArcGIS\Default2.gdb\RasterT_tif3 SIMPLIFY Value</Process><Process ToolSource="c:\program files (x86)\arcgis\desktop10.1\ArcToolbox\Toolboxes\Data Management Tools.tbx\Merge" Date="20150723" Time="093630">Merge E60S20;E60S10;E50S300;E50S20;E50S10;E40S30;E40S20;E40S10 C:\Users\SERVIR\Documents\ArcGIS\Default2.gdb\E60S20_Merge "Id "Id" true true false 9 Long 0 9 ,First,#,E60S20,Id,-1,-1,E60S10,Id,-1,-1,E50S300,Id,-1,-1,E50S20,Id,-1,-1,E50S10,Id,-1,-1,E40S30,Id,-1,-1,E40S20,Id,-1,-1,E40S10,Id,-1,-1;grid_code "grid_code" true true false 9 Long 0 9 ,First,#,E60S20,grid_code,-1,-1,E60S10,grid_code,-1,-1,E50S300,grid_code,-1,-1,E50S20,grid_code,-1,-1,E50S10,grid_code,-1,-1,E40S30,grid_code,-1,-1,E40S20,grid_code,-1,-1,E40S10,grid_code,-1,-1;Shape_Leng "Shape_Leng" true true false 19 Double 0 0 ,First,#,E60S20,Shape_Leng,-1,-1,E60S10,Shape_Leng,-1,-1,E50S300,Shape_Leng,-1,-1,E50S20,Shape_Leng,-1,-1,E50S10,Shape_Leng,-1,-1,E40S30,Shape_Leng,-1,-1,E40S20,Shape_Leng,-1,-1,E40S10,Shape_Leng,-1,-1;Shape_Area "Shape_Area" true true false 19 Double 0 0 ,First,#,E60S20,Shape_Area,-1,-1,E60S10,Shape_Area,-1,-1,E50S300,Shape_Area,-1,-1,E50S20,Shape_Area,-1,-1,E50S10,Shape_Area,-1,-1,E40S30,Shape_Area,-1,-1,E40S20,Shape_Area,-1,-1,E40S10,Shape_Area,-1,-1;OBJECTID "OBJECTID" true true false 9 Long 0 9 ,First,#,E50S10,OBJECTID,-1,-1,E40S30,OBJECTID,-1,-1,E40S20,OBJECTID,-1,-1,E40S10,OBJECTID,-1,-1"</Process><Process ToolSource="c:\program files (x86)\arcgis\desktop10.1\ArcToolbox\Toolboxes\Analysis Tools.tbx\Clip" Date="20150723" Time="094412">Clip Sedac_merge madagascar C:\Users\SERVIR\Documents\ArcGIS\Default2.gdb\Sedac_merge_Clip1 #</Process><Process ToolSource="c:\program files (x86)\arcgis\desktop10.1\ArcToolbox\Toolboxes\Data Management Tools.tbx\Project" Date="20150723" Time="095835">Project Madagascar_merge C:\Users\SERVIR\Documents\ArcGIS\Default2.gdb\Madagascar_merge_Project PROJCS['WGS_1984_UTM_Zone_39S',GEOGCS['GCS_WGS_1984',DATUM['D_WGS_1984',SPHEROID['WGS_1984',6378137.0,298.257223563]],PRIMEM['Greenwich',0.0],UNIT['Degree',0.0174532925199433]],PROJECTION['Transverse_Mercator'],PARAMETER['False_Easting',500000.0],PARAMETER['False_Northing',10000000.0],PARAMETER['Central_Meridian',51.0],PARAMETER['Scale_Factor',0.9996],PARAMETER['Latitude_Of_Origin',0.0],UNIT['Meter',1.0]] # GEOGCS['GCS_WGS_1984',DATUM['D_WGS_1984',SPHEROID['WGS_1984',6378137.0,298.257223563]],PRIMEM['Greenwich',0.0],UNIT['Degree',0.0174532925199433]]</Process><Process ToolSource="c:\program files (x86)\arcgis\desktop10.1\ArcToolbox\Toolboxes\Data Management Tools.tbx\Merge" Date="20150820" Time="171652">Merge Madagascar_SEDAC_project;Madagascar_mangrove_SERVIR_cover "G:\POST_TRAINING_DATASETS\Mangroves _Madagascar_Refined.shp" "OBJECTID_1 "OBJECTID_1" true true false 9 Long 0 9 ,First,#,Madagascar_SEDAC_project,OBJECTID_1,-1,-1;OBJECTID_2 "OBJECTID_2" true true false 9 Long 0 9 ,First,#,Madagascar_SEDAC_project,OBJECTID_2,-1,-1;OBJECTID_3 "OBJECTID_3" true true false 9 Long 0 9 ,First,#,Madagascar_SEDAC_project,OBJECTID_3,-1,-1;Id "Id" true true false 9 Long 0 9 ,First,#,Madagascar_SEDAC_project,Id,-1,-1;grid_code "grid_code" true true false 9 Long 0 9 ,First,#,Madagascar_SEDAC_project,grid_code,-1,-1;Shape_Leng "Shape_Leng" true true false 19 Double 0 0 ,First,#,Madagascar_SEDAC_project,Shape_Leng,-1,-1;OBJECTID "OBJECTID" true true false 9 Long 0 9 ,First,#,Madagascar_SEDAC_project,OBJECTID,-1,-1;Shape_Le_1 "Shape_Le_1" true true false 19 Double 0 0 ,First,#,Madagascar_SEDAC_project,Shape_Le_1,-1,-1;Shape_Le_2 "Shape_Le_2" true true false 19 Double 0 0 ,First,#,Madagascar_SEDAC_project,Shape_Le_2,-1,-1;Area_km2 "Area_km2" true true false 19 Double 0 0 ,First,#,Madagascar_SEDAC_project,Area_km2,-1,-1,Madagascar_mangrove_SERVIR_cover,Area_km2,-1,-1;Shape_Le_3 "Shape_Le_3" true true false 19 Double 0 0 ,First,#,Madagascar_SEDAC_project,Shape_Le_3,-1,-1;Shape_Area "Shape_Area" true true false 19 Double 0 0 ,First,#,Madagascar_SEDAC_project,Shape_Area,-1,-1;CLASS_NAME "CLASS_NAME" true true false 30 Text 0 0 ,First,#,Madagascar_mangrove_SERVIR_cover,CLASS_NAME,-1,-1;Area_hac "Area_hac" true true false 19 Double 0 0 ,First,#,Madagascar_mangrove_SERVIR_cover,Area_hac,-1,-1"</Process></lineage><itemProps><itemName Sync="TRUE">Mangroves _Madagascar_Refined</itemName><imsContentType Sync="TRUE">002</imsContentType><itemLocation><linkage Sync="TRUE">file://\\SERVIR-PC\G$\POST_TRAINING_DATASETS\New Folder\Mangroves _Madagascar_Refined</linkage><protocol Sync="TRUE">Local Area Network</protocol></itemLocation><itemSize Sync="TRUE">0.000</itemSize></itemProps><coordRef><type Sync="TRUE">Projected</type><geogcsn Sync="TRUE">GCS_WGS_1984</geogcsn><csUnits Sync="TRUE">Linear Unit: Meter (1.000000)</csUnits><peXml Sync="TRUE">&lt;ProjectedCoordinateSystem xsi:type='typens:ProjectedCoordinateSystem' xmlns:xsi='http://www.w3.org/2001/XMLSchema-instance' xmlns:xs='http://www.w3.org/2001/XMLSchema' xmlns:typens='http://www.esri.com/schemas/ArcGIS/10.1'&gt;&lt;WKT&gt;PROJCS[&amp;quot;WGS_1984_UTM_Zone_39S&amp;quot;,GEOGCS[&amp;quot;GCS_WGS_1984&amp;quot;,DATUM[&amp;quot;D_WGS_1984&amp;quot;,SPHEROID[&amp;quot;WGS_1984&amp;quot;,6378137.0,298.257223563]],PRIMEM[&amp;quot;Greenwich&amp;quot;,0.0],UNIT[&amp;quot;Degree&amp;quot;,0.0174532925199433]],PROJECTION[&amp;quot;Transverse_Mercator&amp;quot;],PARAMETER[&amp;quot;False_Easting&amp;quot;,500000.0],PARAMETER[&amp;quot;False_Northing&amp;quot;,10000000.0],PARAMETER[&amp;quot;Central_Meridian&amp;quot;,51.0],PARAMETER[&amp;quot;Scale_Factor&amp;quot;,0.9996],PARAMETER[&amp;quot;Latitude_Of_Origin&amp;quot;,0.0],UNIT[&amp;quot;Meter&amp;quot;,1.0],AUTHORITY[&amp;quot;EPSG&amp;quot;,32739]]&lt;/WKT&gt;&lt;XOrigin&gt;-5120900&lt;/XOrigin&gt;&lt;YOrigin&gt;1900&lt;/YOrigin&gt;&lt;XYScale&gt;450445547.3910538&lt;/XYScale&gt;&lt;ZOrigin&gt;-100000&lt;/ZOrigin&gt;&lt;ZScale&gt;10000&lt;/ZScale&gt;&lt;MOrigin&gt;-100000&lt;/MOrigin&gt;&lt;MScale&gt;10000&lt;/MScale&gt;&lt;XYTolerance&gt;0.001&lt;/XYTolerance&gt;&lt;ZTolerance&gt;0.001&lt;/ZTolerance&gt;&lt;MTolerance&gt;0.001&lt;/MTolerance&gt;&lt;HighPrecision&gt;true&lt;/HighPrecision&gt;&lt;WKID&gt;32739&lt;/WKID&gt;&lt;LatestWKID&gt;32739&lt;/LatestWKID&gt;&lt;/ProjectedCoordinateSystem&gt;</peXml><projcsn Sync="TRUE">WGS_1984_UTM_Zone_39S</projcsn></coordRef><copyHistory><copy source="G:\POST_TRAINING_DATASETS\Mangroves _Madagascar_Refined" dest="\\SERVIR-PC\G$\POST_TRAINING_DATASETS\New Folder\Mangroves _Madagascar_Refined" date="20150910" time="14105800"></copy></copyHistory></DataProperties><SyncDate>20150820</SyncDate><SyncTime>17164800</SyncTime><ModDate>20150820</ModDate><ModTime>17164800</ModTime></Esri><dataIdInfo><envirDesc Sync="TRUE">Microsoft Windows 7 Version 6.1 (Build 7601) Service Pack 1; Esri ArcGIS 10.1.0.3035</envirDesc><dataLang><languageCode value="eng" Sync="TRUE"></languageCode><countryCode value="GBR" Sync="TRUE"></countryCode></dataLang><idCitation><resTitle Sync="TRUE">Mangroves _Madagascar_Refined</resTitle><presForm><PresFormCd value="005" Sync="TRUE"></PresFormCd></presForm></idCitation><spatRpType><SpatRepTypCd value="001" Sync="TRUE"></SpatRepTypCd></spatRpType></dataIdInfo><mdLang><languageCode value="eng" Sync="TRUE"></languageCode><countryCode value="GBR" Sync="TRUE"></countryCode></mdLang><distInfo><distFormat><formatName Sync="TRUE">Shapefile</formatName></distFormat><distTranOps><transSize Sync="TRUE">0.000</transSize></distTranOps></distInfo><mdHrLv><ScopeCd value="005" Sync="TRUE"></ScopeCd></mdHrLv><mdHrLvName Sync="TRUE">dataset</mdHrLvName><refSysInfo><RefSystem><refSysID><identCode code="4326" Sync="TRUE" value="32739"></identCode><idCodeSpace Sync="TRUE">EPSG</idCodeSpace><idVersion Sync="TRUE">7.9.4</idVersion></refSysID></RefSystem></refSysInfo><spatRepInfo><VectSpatRep><geometObjs Name="Mangroves _Madagascar_Refined"><geoObjTyp><GeoObjTypCd value="002" Sync="TRUE"></GeoObjTypCd></geoObjTyp><geoObjCnt Sync="TRUE">0</geoObjCnt></geometObjs><topLvl><TopoLevCd value="001" Sync="TRUE"></TopoLevCd></topLvl></VectSpatRep></spatRepInfo><spdoinfo><ptvctinf><esriterm Name="Mangroves _Madagascar_Refined"><efeatyp Sync="TRUE">Simple</efeatyp><efeageom code="4" Sync="TRUE"></efeageom><esritopo Sync="TRUE">FALSE</esritopo><efeacnt Sync="TRUE">0</efeacnt><spindex Sync="TRUE">FALSE</spindex><linrefer Sync="TRUE">FALSE</linrefer></esriterm></ptvctinf></spdoinfo><eainfo><detailed Name="Mangroves _Madagascar_Refined"><enttyp><enttypl Sync="TRUE">Mangroves _Madagascar_Refined</enttypl><enttypt Sync="TRUE">Feature Class</enttypt><enttypc Sync="TRUE">0</enttypc></enttyp><attr><attrlabl Sync="TRUE">FID</attrlabl><attalias Sync="TRUE">FID</attalias><attrtype Sync="TRUE">OID</attrtype><attwidth Sync="TRUE">4</attwidth><atprecis Sync="TRUE">0</atprecis><attscale Sync="TRUE">0</attscale><attrdef Sync="TRUE">Internal feature number.</attrdef><attrdefs Sync="TRUE">Esri</attrdefs><attrdomv><udom Sync="TRUE">Sequential unique whole numbers that are automatically generated.</udom></attrdomv></attr><attr><attrlabl Sync="TRUE">OBJECTID_1</attrlabl><attalias Sync="TRUE">OBJECTID_1</attalias><attrtype Sync="TRUE">Integer</attrtype><attwidth Sync="TRUE">9</attwidth><atprecis Sync="TRUE">9</atprecis><attscale Sync="TRUE">0</attscale><attrdef Sync="TRUE">Internal feature number.</attrdef><attrdefs Sync="TRUE">Esri</attrdefs><attrdomv><udom Sync="TRUE">Sequential unique whole numbers that are automatically generated.</udom></attrdomv></attr><attr><attrlabl Sync="TRUE">Shape</attrlabl><attalias Sync="TRUE">Shape</attalias><attrtype Sync="TRUE">Geometry</attrtype><attwidth Sync="TRUE">0</attwidth><atprecis Sync="TRUE">0</atprecis><attscale Sync="TRUE">0</attscale><attrdef Sync="TRUE">Feature geometry.</attrdef><attrdefs Sync="TRUE">Esri</attrdefs><attrdomv><udom Sync="TRUE">Coordinates defining the features.</udom></attrdomv></attr><attr><attrlabl Sync="TRUE">OBJECTID_2</attrlabl><attalias Sync="TRUE">OBJECTID_2</attalias><attrtype Sync="TRUE">Integer</attrtype><attwidth Sync="TRUE">9</attwidth><atprecis Sync="TRUE">9</atprecis><attscale Sync="TRUE">0</attscale></attr><attr><attrlabl Sync="TRUE">OBJECTID_3</attrlabl><attalias Sync="TRUE">OBJECTID_3</attalias><attrtype Sync="TRUE">Integer</attrtype><attwidth Sync="TRUE">9</attwidth><atprecis Sync="TRUE">9</atprecis><attscale Sync="TRUE">0</attscale></attr><attr><attrlabl Sync="TRUE">Id</attrlabl><attalias Sync="TRUE">Id</attalias><attrtype Sync="TRUE">Integer</attrtype><attwidth Sync="TRUE">9</attwidth><atprecis Sync="TRUE">9</atprecis><attscale Sync="TRUE">0</attscale></attr><attr><attrlabl Sync="TRUE">grid_code</attrlabl><attalias Sync="TRUE">grid_code</attalias><attrtype Sync="TRUE">Integer</attrtype><attwidth Sync="TRUE">9</attwidth><atprecis Sync="TRUE">9</atprecis><attscale Sync="TRUE">0</attscale></attr><attr><attrlabl Sync="TRUE">Shape_Leng</attrlabl><attalias Sync="TRUE">Shape_Leng</attalias><attrtype Sync="TRUE">Double</attrtype><attwidth Sync="TRUE">19</attwidth><atprecis Sync="TRUE">0</atprecis><attscale Sync="TRUE">0</attscale></attr><attr><attrlabl Sync="TRUE">OBJECTID</attrlabl><attalias Sync="TRUE">OBJECTID</attalias><attrtype Sync="TRUE">Integer</attrtype><attwidth Sync="TRUE">9</attwidth><atprecis Sync="TRUE">9</atprecis><attscale Sync="TRUE">0</attscale></attr><attr><attrlabl Sync="TRUE">Shape_Le_1</attrlabl><attalias Sync="TRUE">Shape_Le_1</attalias><attrtype Sync="TRUE">Double</attrtype><attwidth Sync="TRUE">19</attwidth><atprecis Sync="TRUE">0</atprecis><attscale Sync="TRUE">0</attscale></attr><attr><attrlabl Sync="TRUE">Shape_Le_2</attrlabl><attalias Sync="TRUE">Shape_Le_2</attalias><attrtype Sync="TRUE">Double</attrtype><attwidth Sync="TRUE">19</attwidth><atprecis Sync="TRUE">0</atprecis><attscale Sync="TRUE">0</attscale></attr><attr><attrlabl Sync="TRUE">Area_km2</attrlabl><attalias Sync="TRUE">Area_km2</attalias><attrtype Sync="TRUE">Double</attrtype><attwidth Sync="TRUE">19</attwidth><atprecis Sync="TRUE">0</atprecis><attscale Sync="TRUE">0</attscale></attr><attr><attrlabl Sync="TRUE">Shape_Le_3</attrlabl><attalias Sync="TRUE">Shape_Le_3</attalias><attrtype Sync="TRUE">Double</attrtype><attwidth Sync="TRUE">19</attwidth><atprecis Sync="TRUE">0</atprecis><attscale Sync="TRUE">0</attscale></attr><attr><attrlabl Sync="TRUE">Shape_Area</attrlabl><attalias Sync="TRUE">Shape_Area</attalias><attrtype Sync="TRUE">Double</attrtype><attwidth Sync="TRUE">19</attwidth><atprecis Sync="TRUE">0</atprecis><attscale Sync="TRUE">0</attscale><attrdef Sync="TRUE">Area of feature in internal units squared.</attrdef><attrdefs Sync="TRUE">Esri</attrdefs><attrdomv><udom Sync="TRUE">Positive real numbers that are automatically generated.</udom></attrdomv></attr><attr><attrlabl Sync="TRUE">CLASS_NAME</attrlabl><attalias Sync="TRUE">CLASS_NAME</attalias><attrtype Sync="TRUE">String</attrtype><attwidth Sync="TRUE">30</attwidth><atprecis Sync="TRUE">0</atprecis><attscale Sync="TRUE">0</attscale></attr><attr><attrlabl Sync="TRUE">Area_hac</attrlabl><attalias Sync="TRUE">Area_hac</attalias><attrtype Sync="TRUE">Double</attrtype><attwidth Sync="TRUE">19</attwidth><atprecis Sync="TRUE">0</atprecis><attscale Sync="TRUE">0</attscale></attr></detailed></eainfo><mdDateSt Sync="TRUE">20150820</mdDateSt><mdChar><CharSetCd value="004" Sync="TRUE"></CharSetCd></mdChar></metadata>
