<?xml version="1.0" encoding="UTF-8"?>
<metadata xml:lang="en"><Esri><CreaDate>20150914</CreaDate><CreaTime>16250400</CreaTime><ArcGISFormat>1.0</ArcGISFormat><ArcGISstyle>ISO 19139 Metadata Implementation Specification</ArcGISstyle><SyncOnce>TRUE</SyncOnce><DataProperties><itemProps><itemLocation><linkage Sync="TRUE">file://\\SERVIR-PC\G$\POST_TRAINING_DATASETS\New Folder\Mangroves_mozambique_Refined</linkage><protocol Sync="TRUE">Local Area Network</protocol></itemLocation></itemProps><copyHistory><copy source="G:\POST_TRAINING_DATASETS\Mangroves_mozambique_Refined" dest="\\SERVIR-PC\G$\POST_TRAINING_DATASETS\New Folder\Mangroves_mozambique_Refined" date="20150910" time="14102400"></copy></copyHistory></DataProperties></Esri></metadata>
