<?xml version="1.0" encoding="UTF-8"?>
<metadata xml:lang="en"><Esri><CreaDate>20150918</CreaDate><CreaTime>14305100</CreaTime><ArcGISFormat>1.0</ArcGISFormat><ArcGISstyle>ISO 19139 Metadata Implementation Specification</ArcGISstyle><SyncOnce>FALSE</SyncOnce><DataProperties><itemProps><itemName Sync="TRUE">Mangroves_Tanzania_coverCopy</itemName><imsContentType Sync="TRUE">002</imsContentType><itemSize Sync="TRUE">0.000</itemSize><itemLocation><linkage Sync="TRUE">file://\\SERVIR-PC\G$\POST_TRAINING_DATASETS\mangroves 2015-09-15_UTM\Tanzania_new</linkage><protocol Sync="TRUE">Local Area Network</protocol></itemLocation></itemProps><coordRef><type Sync="TRUE">Projected</type><geogcsn Sync="TRUE">GCS_WGS_1984</geogcsn><csUnits Sync="TRUE">Linear Unit: Meter (1.000000)</csUnits><projcsn Sync="TRUE">UTM_Zone_37S</projcsn><peXml Sync="TRUE">&lt;ProjectedCoordinateSystem xsi:type='typens:ProjectedCoordinateSystem' xmlns:xsi='http://www.w3.org/2001/XMLSchema-instance' xmlns:xs='http://www.w3.org/2001/XMLSchema' xmlns:typens='http://www.esri.com/schemas/ArcGIS/10.1'&gt;&lt;WKT&gt;PROJCS[&amp;quot;UTM_Zone_37S&amp;quot;,GEOGCS[&amp;quot;GCS_WGS_1984&amp;quot;,DATUM[&amp;quot;D_WGS_1984&amp;quot;,SPHEROID[&amp;quot;WGS_1984&amp;quot;,6378137.0,298.257223563]],PRIMEM[&amp;quot;Greenwich&amp;quot;,0.0],UNIT[&amp;quot;Degree&amp;quot;,0.0174532925199433]],PROJECTION[&amp;quot;Transverse_Mercator&amp;quot;],PARAMETER[&amp;quot;false_easting&amp;quot;,500000.0],PARAMETER[&amp;quot;false_northing&amp;quot;,10000000.0],PARAMETER[&amp;quot;central_meridian&amp;quot;,39.0],PARAMETER[&amp;quot;scale_factor&amp;quot;,0.9996],PARAMETER[&amp;quot;latitude_of_origin&amp;quot;,0.0],UNIT[&amp;quot;Meter&amp;quot;,1.0]]&lt;/WKT&gt;&lt;XOrigin&gt;-5120900&lt;/XOrigin&gt;&lt;YOrigin&gt;1900&lt;/YOrigin&gt;&lt;XYScale&gt;10000&lt;/XYScale&gt;&lt;ZOrigin&gt;-100000&lt;/ZOrigin&gt;&lt;ZScale&gt;10000&lt;/ZScale&gt;&lt;MOrigin&gt;-100000&lt;/MOrigin&gt;&lt;MScale&gt;10000&lt;/MScale&gt;&lt;XYTolerance&gt;0.001&lt;/XYTolerance&gt;&lt;ZTolerance&gt;0.001&lt;/ZTolerance&gt;&lt;MTolerance&gt;0.001&lt;/MTolerance&gt;&lt;HighPrecision&gt;true&lt;/HighPrecision&gt;&lt;/ProjectedCoordinateSystem&gt;</peXml></coordRef><lineage><Process ToolSource="c:\program files (x86)\arcgis\desktop10.1\ArcToolbox\Toolboxes\Data Management Tools.tbx\Merge" Date="20150817" Time="170543">Merge 164mangroves;182mangroves;3014mangroves;1229mangroves G:\POST_TRAINING_DATASETS\landsat4.shp "CLASS_NAME "CLASS_NAME" true true false 30 Text 0 0 ,First,#,164mangroves,CLASS_NAME,-1,-1,182mangroves,CLASS_NAME,-1,-1,3014mangroves,CLASS_NAME,-1,-1,1229mangroves,CLASS_NAME,-1,-1;AREA "AREA" true true false 19 Double 6 18 ,First,#,164mangroves,AREA,-1,-1,182mangroves,AREA,-1,-1,3014mangroves,AREA,-1,-1,1229mangroves,AREA,-1,-1"</Process><Process ToolSource="c:\program files (x86)\arcgis\desktop10.1\ArcToolbox\Toolboxes\Data Management Tools.tbx\Merge" Date="20150818" Time="114732">Merge landsat4;Tanzania_mangrove_cover;Tanzania_merge_sedac_project "G:\POST_TRAINING_DATASETS\Mangroves _Tanzania_Refined.shp" "CLASS_NAME "CLASS_NAME" true true false 30 Text 0 0 ,First,#,landsat4,CLASS_NAME,-1,-1,Tanzania_mangrove_cover,CLASS_NAME,-1,-1;AREA "AREA" true true false 19 Double 6 18 ,First,#,landsat4,AREA,-1,-1;Area_km2 "Area_km2" true true false 19 Double 0 0 ,First,#,Tanzania_mangrove_cover,Area_km2,-1,-1,Tanzania_merge_sedac_project,Area_km2,-1,-1;Area_hac "Area_hac" true true false 19 Double 0 0 ,First,#,Tanzania_mangrove_cover,Area_hac,-1,-1;OBJECTID_1 "OBJECTID_1" true true false 9 Long 0 9 ,First,#,Tanzania_merge_sedac_project,OBJECTID_1,-1,-1;OBJECTID_2 "OBJECTID_2" true true false 9 Long 0 9 ,First,#,Tanzania_merge_sedac_project,OBJECTID_2,-1,-1;OBJECTID_3 "OBJECTID_3" true true false 9 Long 0 9 ,First,#,Tanzania_merge_sedac_project,OBJECTID_3,-1,-1;Id "Id" true true false 9 Long 0 9 ,First,#,Tanzania_merge_sedac_project,Id,-1,-1;grid_code "grid_code" true true false 9 Long 0 9 ,First,#,Tanzania_merge_sedac_project,grid_code,-1,-1;Shape_Leng "Shape_Leng" true true false 19 Double 0 0 ,First,#,Tanzania_merge_sedac_project,Shape_Leng,-1,-1;OBJECTID "OBJECTID" true true false 9 Long 0 9 ,First,#,Tanzania_merge_sedac_project,OBJECTID,-1,-1;Shape_Le_1 "Shape_Le_1" true true false 19 Double 0 0 ,First,#,Tanzania_merge_sedac_project,Shape_Le_1,-1,-1;Shape_Le_2 "Shape_Le_2" true true false 19 Double 0 0 ,First,#,Tanzania_merge_sedac_project,Shape_Le_2,-1,-1;Shape_Le_3 "Shape_Le_3" true true false 19 Double 0 0 ,First,#,Tanzania_merge_sedac_project,Shape_Le_3,-1,-1;Shape_Area "Shape_Area" true true false 19 Double 0 0 ,First,#,Tanzania_merge_sedac_project,Shape_Area,-1,-1"</Process><Process ToolSource="c:\program files (x86)\arcgis\desktop10.1\ArcToolbox\Toolboxes\Data Management Tools.tbx\Merge" Date="20150819" Time="095249">Merge 'Mangroves _Tanzania_Refined';landsat4_edited2 "G:\POST_TRAINING_DATASETS\Mangroves _Tanzania_Refined2.shp" "CLASS_NAME "CLASS_NAME" true true false 30 Text 0 0 ,First,#,Mangroves _Tanzania_Refined,CLASS_NAME,-1,-1,landsat4_edited2,CLASS_NAME,-1,-1;AREA "AREA" true true false 19 Double 6 18 ,First,#,Mangroves _Tanzania_Refined,AREA,-1,-1,landsat4_edited2,AREA,-1,-1;Area_km2 "Area_km2" true true false 19 Double 0 0 ,First,#,Mangroves _Tanzania_Refined,Area_km2,-1,-1;Area_hac "Area_hac" true true false 19 Double 0 0 ,First,#,Mangroves _Tanzania_Refined,Area_hac,-1,-1;Shape_Area "Shape_Area" true true false 19 Double 0 0 ,First,#,Mangroves _Tanzania_Refined,Shape_Area,-1,-1"</Process><Process ToolSource="c:\program files (x86)\arcgis\desktop10.1\ArcToolbox\Toolboxes\Data Management Tools.tbx\Merge" Date="20150918" Time="130920">Merge Mangroves_Tanzania_coverCopy;Tanzaniat C:\Users\SERVIR\Documents\ArcGIS\Default2.gdb\Mangroves_Tanzania_coverCopy "CLASS_NAME "CLASS_NAME" true true false 30 Text 0 0 ,First,#,Mangroves_Tanzania_coverCopy,CLASS_NAME,-1,-1;AREA "AREA" true true false 19 Double 6 18 ,First,#,Mangroves_Tanzania_coverCopy,AREA,-1,-1;Area_km2 "Area_km2" true true false 19 Double 0 0 ,First,#,Mangroves_Tanzania_coverCopy,Area_km2,-1,-1;Area_hac "Area_hac" true true false 19 Double 0 0 ,First,#,Mangroves_Tanzania_coverCopy,Area_hac,-1,-1;OBJECTID "OBJECTID" true true false 9 Long 0 9 ,First,#,Tanzaniat,OBJECTID,-1,-1;Id "Id" true true false 9 Long 0 9 ,First,#,Tanzaniat,Id,-1,-1;grid_code "grid_code" true true false 9 Long 0 9 ,First,#,Tanzaniat,grid_code,-1,-1;Shape_Leng "Shape_Leng" true true false 19 Double 0 0 ,First,#,Tanzaniat,Shape_Leng,-1,-1;Shape_Area "Shape_Area" true true false 19 Double 0 0 ,First,#,Tanzaniat,Shape_Area,-1,-1"</Process></lineage><copyHistory><copy source="D:\SERVIR DATA\Nov_landsat_7&amp;8_tz\post_training\Tanzania_new" dest="\\SERVIR-PC\G$\POST_TRAINING_DATASETS\mangroves 2015-09-15_UTM\Tanzania_new" date="20150918" time="14305100"></copy></copyHistory></DataProperties><SyncDate>20150918</SyncDate><SyncTime>13091800</SyncTime><ModDate>20150918</ModDate><ModTime>13091800</ModTime></Esri><dataIdInfo><envirDesc Sync="TRUE"> Version 6.2 (Build 9200) ; Esri ArcGIS 10.1.0.3035</envirDesc><dataLang><languageCode value="eng" Sync="TRUE"></languageCode><countryCode value="USA" Sync="TRUE"></countryCode></dataLang><idCitation><resTitle Sync="TRUE">Mangroves_Tanzania_coverCopy</resTitle><presForm><PresFormCd value="005" Sync="TRUE"></PresFormCd></presForm></idCitation><spatRpType><SpatRepTypCd value="001" Sync="TRUE"></SpatRepTypCd></spatRpType></dataIdInfo><mdLang><languageCode value="eng" Sync="TRUE"></languageCode><countryCode value="USA" Sync="TRUE"></countryCode></mdLang><mdChar><CharSetCd value="004" Sync="TRUE"></CharSetCd></mdChar><distInfo><distFormat><formatName Sync="TRUE">File Geodatabase Feature Class</formatName></distFormat><distTranOps><transSize Sync="TRUE">0.000</transSize></distTranOps></distInfo><mdHrLv><ScopeCd value="005" Sync="TRUE"></ScopeCd></mdHrLv><mdHrLvName Sync="TRUE">dataset</mdHrLvName><refSysInfo><RefSystem><refSysID><identCode code="0" Sync="TRUE" value="0"></identCode></refSysID></RefSystem></refSysInfo><spatRepInfo><VectSpatRep><geometObjs Name="Mangroves_Tanzania_coverCopy"><geoObjTyp><GeoObjTypCd value="002" Sync="TRUE"></GeoObjTypCd></geoObjTyp><geoObjCnt Sync="TRUE">0</geoObjCnt></geometObjs><topLvl><TopoLevCd value="001" Sync="TRUE"></TopoLevCd></topLvl></VectSpatRep></spatRepInfo><spdoinfo><ptvctinf><esriterm Name="Mangroves_Tanzania_coverCopy"><efeatyp Sync="TRUE">Simple</efeatyp><efeageom code="4" Sync="TRUE"></efeageom><esritopo Sync="TRUE">FALSE</esritopo><efeacnt Sync="TRUE">0</efeacnt><spindex Sync="TRUE">TRUE</spindex><linrefer Sync="TRUE">FALSE</linrefer></esriterm></ptvctinf></spdoinfo><eainfo><detailed Name="Mangroves_Tanzania_coverCopy"><enttyp><enttypl Sync="TRUE">Mangroves_Tanzania_coverCopy</enttypl><enttypt Sync="TRUE">Feature Class</enttypt><enttypc Sync="TRUE">0</enttypc></enttyp><attr><attrlabl Sync="TRUE">OBJECTID_1</attrlabl><attalias Sync="TRUE">OBJECTID_1</attalias><attrtype Sync="TRUE">OID</attrtype><attwidth Sync="TRUE">4</attwidth><atprecis Sync="TRUE">0</atprecis><attscale Sync="TRUE">0</attscale><attrdef Sync="TRUE">Internal feature number.</attrdef><attrdefs Sync="TRUE">Esri</attrdefs><attrdomv><udom Sync="TRUE">Sequential unique whole numbers that are automatically generated.</udom></attrdomv></attr><attr><attrlabl Sync="TRUE">Shape</attrlabl><attalias Sync="TRUE">Shape</attalias><attrtype Sync="TRUE">Geometry</attrtype><attwidth Sync="TRUE">0</attwidth><atprecis Sync="TRUE">0</atprecis><attscale Sync="TRUE">0</attscale><attrdef Sync="TRUE">Feature geometry.</attrdef><attrdefs Sync="TRUE">Esri</attrdefs><attrdomv><udom Sync="TRUE">Coordinates defining the features.</udom></attrdomv></attr><attr><attrlabl Sync="TRUE">CLASS_NAME</attrlabl><attalias Sync="TRUE">CLASS_NAME</attalias><attrtype Sync="TRUE">String</attrtype><attwidth Sync="TRUE">30</attwidth><atprecis Sync="TRUE">0</atprecis><attscale Sync="TRUE">0</attscale></attr><attr><attrlabl Sync="TRUE">AREA</attrlabl><attalias Sync="TRUE">AREA</attalias><attrtype Sync="TRUE">Double</attrtype><attwidth Sync="TRUE">8</attwidth><atprecis Sync="TRUE">0</atprecis><attscale Sync="TRUE">0</attscale></attr><attr><attrlabl Sync="TRUE">Area_km2</attrlabl><attalias Sync="TRUE">Area_km2</attalias><attrtype Sync="TRUE">Double</attrtype><attwidth Sync="TRUE">8</attwidth><atprecis Sync="TRUE">0</atprecis><attscale Sync="TRUE">0</attscale></attr><attr><attrlabl Sync="TRUE">Area_hac</attrlabl><attalias Sync="TRUE">Area_hac</attalias><attrtype Sync="TRUE">Double</attrtype><attwidth Sync="TRUE">8</attwidth><atprecis Sync="TRUE">0</atprecis><attscale Sync="TRUE">0</attscale></attr><attr><attrlabl Sync="TRUE">OBJECTID</attrlabl><attalias Sync="TRUE">OBJECTID</attalias><attrtype Sync="TRUE">Integer</attrtype><attwidth Sync="TRUE">4</attwidth><atprecis Sync="TRUE">0</atprecis><attscale Sync="TRUE">0</attscale></attr><attr><attrlabl Sync="TRUE">Id</attrlabl><attalias Sync="TRUE">Id</attalias><attrtype Sync="TRUE">Integer</attrtype><attwidth Sync="TRUE">4</attwidth><atprecis Sync="TRUE">0</atprecis><attscale Sync="TRUE">0</attscale></attr><attr><attrlabl Sync="TRUE">grid_code</attrlabl><attalias Sync="TRUE">grid_code</attalias><attrtype Sync="TRUE">Integer</attrtype><attwidth Sync="TRUE">4</attwidth><atprecis Sync="TRUE">0</atprecis><attscale Sync="TRUE">0</attscale></attr><attr><attrlabl Sync="TRUE">Shape_Leng</attrlabl><attalias Sync="TRUE">Shape_Leng</attalias><attrtype Sync="TRUE">Double</attrtype><attwidth Sync="TRUE">8</attwidth><atprecis Sync="TRUE">0</atprecis><attscale Sync="TRUE">0</attscale></attr><attr><attrlabl Sync="TRUE">Shape_Length</attrlabl><attalias Sync="TRUE">Shape_Length</attalias><attrtype Sync="TRUE">Double</attrtype><attwidth Sync="TRUE">8</attwidth><atprecis Sync="TRUE">0</atprecis><attscale Sync="TRUE">0</attscale><attrdef Sync="TRUE">Length of feature in internal units.</attrdef><attrdefs Sync="TRUE">Esri</attrdefs><attrdomv><udom Sync="TRUE">Positive real numbers that are automatically generated.</udom></attrdomv></attr><attr><attrlabl Sync="TRUE">Shape_Area</attrlabl><attalias Sync="TRUE">Shape_Area</attalias><attrtype Sync="TRUE">Double</attrtype><attwidth Sync="TRUE">8</attwidth><atprecis Sync="TRUE">0</atprecis><attscale Sync="TRUE">0</attscale><attrdef Sync="TRUE">Area of feature in internal units squared.</attrdef><attrdefs Sync="TRUE">Esri</attrdefs><attrdomv><udom Sync="TRUE">Positive real numbers that are automatically generated.</udom></attrdomv></attr></detailed></eainfo><mdDateSt Sync="TRUE">20150918</mdDateSt></metadata>
